{
  "token_acc":1.0,
  "token_p":1.0,
  "token_r":1.0,
  "token_f":1.0,
  "ents_p":0.7875816993,
  "ents_r":0.7971334068,
  "ents_f":0.7923287671,
  "ents_acc":0.6560798548,
  "ents_support":8163,
  "ents_per_type":{
    "IMP":{
      "p":0.7095391211,
      "r":0.7180043384,
      "f":0.7137466307,
      "tp":662,
      "fp":271,
      "fn":260,
      "support":922
    },
    "ANAT":{
      "p":0.7863751051,
      "r":0.8340767172,
      "f":0.8095238095,
      "tp":2805,
      "fp":762,
      "fn":558,
      "support":3363
    },
    "OBS-P":{
      "p":0.8208818126,
      "r":0.7969678954,
      "f":0.8087481146,
      "tp":2681,
      "fp":585,
      "fn":683,
      "support":3364
    },
    "OBS-A":{
      "p":0.8186528497,
      "r":0.8186528497,
      "f":0.8186528497,
      "tp":316,
      "fp":70,
      "fn":70,
      "support":386
    },
    "OBS-U":{
      "p":0.3909090909,
      "r":0.3359375,
      "f":0.3613445378,
      "tp":43,
      "fp":67,
      "fn":85,
      "support":128
    }
  },
  "speed":6385.7497679843
}