{
  "token_acc":1.0,
  "token_p":1.0,
  "token_r":1.0,
  "token_f":1.0,
  "ents_p":0.8392663207,
  "ents_r":0.8520151905,
  "ents_f":0.8455927052,
  "ents_acc":0.7324907846,
  "ents_support":8163,
  "ents_per_type":{
    "IMP":{
      "p":0.7207505519,
      "r":0.7082429501,
      "f":0.7144420131,
      "tp":653,
      "fp":253,
      "fn":269,
      "support":922
    },
    "ANAT":{
      "p":0.8646441074,
      "r":0.8813559322,
      "f":0.8729200412,
      "tp":2964,
      "fp":464,
      "fn":399,
      "support":3363
    },
    "OBS-P":{
      "p":0.8633304068,
      "r":0.8769322235,
      "f":0.8700781596,
      "tp":2950,
      "fp":467,
      "fn":414,
      "support":3364
    },
    "OBS-A":{
      "p":0.8143564356,
      "r":0.8523316062,
      "f":0.8329113924,
      "tp":329,
      "fp":75,
      "fn":57,
      "support":386
    },
    "OBS-U":{
      "p":0.446969697,
      "r":0.4609375,
      "f":0.4538461538,
      "tp":59,
      "fp":73,
      "fn":69,
      "support":128
    }
  },
  "speed":5441.9780812759
}