{
  "token_acc":1.0,
  "token_p":1.0,
  "token_r":1.0,
  "token_f":1.0,
  "ents_p":0.8156805454,
  "ents_r":0.8207766752,
  "ents_f":0.8182206753,
  "ents_acc":0.6923633357,
  "ents_support":8163,
  "ents_per_type":{
    "IMP":{
      "p":0.7438016529,
      "r":0.68329718,
      "f":0.7122668174,
      "tp":630,
      "fp":217,
      "fn":292,
      "support":922
    },
    "ANAT":{
      "p":0.8426365796,
      "r":0.8438893845,
      "f":0.8432625167,
      "tp":2838,
      "fp":530,
      "fn":525,
      "support":3363
    },
    "OBS-P":{
      "p":0.8314868805,
      "r":0.8478002378,
      "f":0.8395643215,
      "tp":2852,
      "fp":578,
      "fn":512,
      "support":3364
    },
    "OBS-A":{
      "p":0.7393258427,
      "r":0.8523316062,
      "f":0.7918170878,
      "tp":329,
      "fp":116,
      "fn":57,
      "support":386
    },
    "OBS-U":{
      "p":0.4112903226,
      "r":0.3984375,
      "f":0.4047619048,
      "tp":51,
      "fp":73,
      "fn":77,
      "support":128
    }
  },
  "speed":6607.450884596
}