{
  "token_acc":1.0,
  "token_p":1.0,
  "token_r":1.0,
  "token_f":1.0,
  "ents_p":0.7591726176,
  "ents_r":0.7553595492,
  "ents_f":0.7572612834,
  "ents_acc":0.6093487499,
  "ents_support":8163,
  "ents_per_type":{
    "IMP":{
      "p":0.6459627329,
      "r":0.6767895879,
      "f":0.6610169492,
      "tp":624,
      "fp":342,
      "fn":298,
      "support":922
    },
    "ANAT":{
      "p":0.8037135279,
      "r":0.8108831401,
      "f":0.8072824156,
      "tp":2727,
      "fp":666,
      "fn":636,
      "support":3363
    },
    "OBS-P":{
      "p":0.7694684796,
      "r":0.7401902497,
      "f":0.7545454545,
      "tp":2490,
      "fp":746,
      "fn":874,
      "support":3364
    },
    "OBS-A":{
      "p":0.6828703704,
      "r":0.7642487047,
      "f":0.7212713936,
      "tp":295,
      "fp":137,
      "fn":91,
      "support":386
    },
    "OBS-U":{
      "p":0.3157894737,
      "r":0.234375,
      "f":0.269058296,
      "tp":30,
      "fp":65,
      "fn":98,
      "support":128
    }
  },
  "speed":6439.6068212824
}